customer_id,name,email,phone,city,join_date
CUST-10000,Anika Verma,korpalteerth@example.net,3185180934,Sharjah,2024-12-19
CUST-10001,Isaiah Prakash,barkha40@example.org,+919056810505,Ajman,2024-11-05
CUST-10002,Zaitra Bhasin,mason70@example.com,+915043437047,Sharjah,2025-03-22
CUST-10003,Upkaar Basak,umang58@example.org,+912501087865,Ajman,2024-11-11
CUST-10004,Upma Sani,manyachada@example.com,+914587572736,Ajman,2025-01-23
CUST-10005,Rachit Naik,qadim98@example.net,01656910190,Dubai,2024-09-18
CUST-10006,Finn Mand,ngill@example.net,+912699503195,Abu Dhabi,2025-07-31
CUST-10007,Gaurangi Menon,dakshaguha@example.com,2875228365,Ajman,2025-04-19
CUST-10008,Chaitaly Dhawan,minhasimaran@example.org,01847676127,Dubai,2025-09-23
CUST-10009,Dayamai Prakash,kantbimala@example.com,+910855601320,Abu Dhabi,2024-04-28
CUST-10010,Eta Mander,champakkaur@example.com,+916145208819,Sharjah,2025-06-10
CUST-10011,Kritika Divan,shivanijhaveri@example.com,01555482737,Dubai,2024-03-08
CUST-10012,Reyansh Mistry,sanghafariq@example.net,09852322116,Abu Dhabi,2024-05-21
CUST-10013,Sneha Manda,yoshita13@example.com,+918976270122,Ajman,2024-05-27
CUST-10014,Brijesh Dass,varsha68@example.org,0527943009,Abu Dhabi,2024-09-16
CUST-10015,Nimrat Prabhu,panchalnetra@example.com,+915620603052,Sharjah,2024-09-15
CUST-10016,Caleb Pingle,frao@example.com,8198320017,Dubai,2024-06-24
CUST-10017,Samuel Memon,mkala@example.org,+912982389002,Dubai,2024-05-05
CUST-10018,Joshua Ganesan,raagini48@example.com,01562097515,Ajman,2024-10-03
CUST-10019,Rudra Acharya,sgolla@example.org,07666620870,Abu Dhabi,2025-04-06
CUST-10020,Orinder Kapadia,harishkala@example.net,+910806777149,Abu Dhabi,2025-02-09
CUST-10021,Vansha Sanghvi,robert58@example.com,7212138675,Sharjah,2024-12-16
CUST-10022,Indrajit Bhat,sarmaveer@example.com,6031670215,Sharjah,2024-10-13
CUST-10023,Wyatt Radhakrishnan,bom@example.com,06852092484,Sharjah,2025-05-16
CUST-10024,Kabir Gandhi,champak38@example.net,6182259821,Abu Dhabi,2025-03-07
CUST-10025,Dalbir Khalsa,raotimothy@example.com,07676168637,Sharjah,2024-04-07
CUST-10026,Zehaan Ravel,ananddayita@example.com,8154325333,Dubai,2024-12-10
CUST-10027,Prisha Malhotra,qrai@example.net,2723498211,Ajman,2025-06-05
CUST-10028,Samesh Pant,sunderdarpan@example.net,08911525716,Sharjah,2024-06-19
CUST-10029,Chandran Dayal,dorasai@example.net,+917247595715,Sharjah,2024-12-20
CUST-10030,Rushil Sarma,yutikadhillon@example.net,8140056044,Sharjah,2025-06-08
CUST-10031,Anthony Parekh,patlalakshmi@example.com,05772403464,Ajman,2025-02-26
CUST-10032,Hemangini Parikh,wriddhishdani@example.org,+913177454950,Abu Dhabi,2026-02-01
CUST-10033,Yadavi Sarma,wsibal@example.com,+912552340427,Ajman,2025-02-14
CUST-10034,Kashvi Mander,ishaan38@example.com,7661894225,Ajman,2025-09-10
CUST-10035,Sathvik Thakkar,ishitamani@example.net,0642304400,Ajman,2026-01-06
CUST-10036,Ekta Kapadia,vlad@example.com,+918450004441,Dubai,2025-07-17
CUST-10037,Urvi Kari,wmandal@example.net,05656632136,Dubai,2024-09-17
CUST-10038,Triya Chakraborty,arin65@example.org,+912419074790,Abu Dhabi,2024-02-27
CUST-10039,Amara Ben,grewalfarhan@example.com,02171175223,Abu Dhabi,2024-04-02
CUST-10040,Ishita Kala,patrick15@example.org,+911099804818,Ajman,2026-01-07
CUST-10041,Yash Salvi,bahadurjitnair@example.org,+916784228016,Abu Dhabi,2025-06-07
CUST-10042,Nidra Rattan,ekapadlala@example.com,05596963392,Ajman,2024-10-02
CUST-10043,Arunima Kara,nathanielchawla@example.net,+911490572230,Sharjah,2024-04-23
CUST-10044,Ishwar Mahal,akshay28@example.net,+915868396836,Sharjah,2025-06-29
CUST-10045,Oscar Mangat,hayersamuel@example.net,04359148455,Ajman,2025-11-10
CUST-10046,Jonathan Rau,dhawanyash@example.org,08359902176,Dubai,2024-03-11
CUST-10047,Arya Sodhi,mbanik@example.org,4015680757,Abu Dhabi,2025-01-28
CUST-10048,Avni Malhotra,andrew52@example.net,3768831045,Ajman,2025-07-15
CUST-10049,Urmi Thaman,krishnakabir@example.org,09531138309,Abu Dhabi,2025-03-02
CUST-10050,Arjun Chauhan,ijaya48@example.net,7929428992,Ajman,2025-01-10
CUST-10051,Yauvani Batta,darsh53@example.org,04702519537,Dubai,2024-11-08
CUST-10052,Finn Mittal,yahviatwal@example.net,4393679961,Dubai,2026-01-03
CUST-10053,Abdul Parmar,sratta@example.com,7947307786,Abu Dhabi,2025-03-13
CUST-10054,Hemal Purohit,hpandya@example.net,5715432564,Dubai,2025-05-04
CUST-10055,Zilmil Char,timothychander@example.net,06895078853,Dubai,2025-07-15
CUST-10056,Udant Sarma,varenya03@example.net,9667846134,Dubai,2024-07-23
CUST-10057,Tanveer Kalla,ymohan@example.com,3489157357,Ajman,2024-09-09
CUST-10058,Rayaan Sood,agarwalgaurika@example.com,9502500349,Abu Dhabi,2024-09-24
CUST-10059,Aarush Bala,chahalzashil@example.net,02456527309,Dubai,2025-07-25
CUST-10060,Jai Saxena,garayochana@example.org,07744932168,Abu Dhabi,2025-05-15
CUST-10061,Falan Hayre,yauvani53@example.org,+910961642737,Dubai,2026-01-17
CUST-10062,Yochana Dutta,finn73@example.net,+917041489017,Sharjah,2025-07-29
CUST-10063,Yashodhara Ramanathan,reyanshchhabra@example.org,+918954376514,Abu Dhabi,2024-12-03
CUST-10064,Ekiya Sampath,upadhritivarty@example.org,+915224194048,Abu Dhabi,2025-06-09
CUST-10065,Ikbal Sant,kashvi03@example.net,+919423767060,Sharjah,2026-02-02
CUST-10066,Sanya Grewal,bajajzaid@example.com,+913845153886,Sharjah,2025-03-29
CUST-10067,Hema Uppal,ekanichadha@example.org,+916265642978,Sharjah,2025-05-13
CUST-10068,Ryan Dua,vkakar@example.com,+918628543091,Ajman,2025-02-25
CUST-10069,Arunima Vaidya,ddasgupta@example.org,8431428770,Ajman,2025-05-17
CUST-10070,Ekalinga Halder,falguni78@example.com,6148699194,Sharjah,2026-01-26
CUST-10071,Krishna Kadakia,inarasimhan@example.com,+913403995652,Ajman,2025-07-14
CUST-10072,Turvi Walla,gayathri76@example.net,+913331960519,Sharjah,2024-08-20
CUST-10073,Suhani Keer,ojasvibanik@example.com,+919627817215,Ajman,2025-12-03
CUST-10074,Tanvi Khurana,hemani94@example.com,03044381391,Abu Dhabi,2025-03-21
CUST-10075,Ekbal Sarkar,bobalharshil@example.org,02615300023,Ajman,2025-04-27
CUST-10076,Logan Tandon,kkalita@example.com,9836475721,Abu Dhabi,2025-01-29
CUST-10077,Ekapad Muni,alka88@example.org,+915265356132,Ajman,2024-05-29
CUST-10078,Bimala Banik,asankar@example.net,+913553944009,Sharjah,2024-03-24
CUST-10079,Rishi Taneja,anya41@example.net,09422826180,Ajman,2024-12-11
CUST-10080,Madhav Walia,gaurangbasak@example.net,2282836236,Abu Dhabi,2024-06-11
CUST-10081,Harsh Lata,abdul18@example.org,+911312863301,Sharjah,2024-09-27
CUST-10082,Varenya Nazareth,lajita28@example.org,0093036393,Dubai,2025-09-21
CUST-10083,Hema Mahajan,pbhagat@example.net,07807149936,Sharjah,2024-12-16
CUST-10084,Anjali Bali,daksh94@example.net,07327697231,Sharjah,2024-06-04
CUST-10085,Eta Mutti,jatinbalan@example.net,1769920910,Ajman,2024-05-06
CUST-10086,Baljiwan Mammen,manan74@example.com,06213790498,Sharjah,2024-06-19
CUST-10087,Zarna Grover,anika59@example.com,+910616457221,Ajman,2024-09-05
CUST-10088,Xiti Kant,reyanshpant@example.net,6353429622,Ajman,2025-10-31
CUST-10089,Banjeet Soni,ghosemadhav@example.com,3757130293,Dubai,2024-12-21
CUST-10090,Ekaraj Bali,mbahri@example.net,1826327252,Sharjah,2024-07-25
CUST-10091,Omya Varughese,yochana55@example.net,5017918474,Dubai,2025-01-07
CUST-10092,Samarth Tiwari,sarmaosha@example.net,+919251678479,Sharjah,2025-09-28
CUST-10093,Leena Shanker,chakradharkarpe@example.net,08104880067,Sharjah,2024-12-07
CUST-10094,Aadhya Raj,pkar@example.org,0947196104,Abu Dhabi,2025-12-28
CUST-10095,Vrishti Soni,upmabawa@example.net,9691515440,Dubai,2024-05-08
CUST-10096,Saanvi Menon,anthony18@example.net,06443529174,Dubai,2025-12-04
CUST-10097,Ekiya Bala,shivani02@example.org,8028498059,Sharjah,2026-01-13
CUST-10098,Michael Oommen,tanveer00@example.net,3662183914,Sharjah,2025-01-17
CUST-10099,Saanvi Keer,saringaurangi@example.net,+917957019524,Dubai,2025-09-25
CUST-10100,Januja Rana,jbanerjee@example.org,05364234901,Ajman,2025-04-22
CUST-10101,Aarnav Varma,atwallohit@example.com,03162313899,Dubai,2025-04-03
CUST-10102,Meera Rama,lpadmanabhan@example.org,6670881996,Sharjah,2024-02-29
CUST-10103,Bhavna Jha,rchatterjee@example.com,2252603126,Abu Dhabi,2025-09-22
CUST-10104,Alexander Bhasin,manbir34@example.com,09422968947,Abu Dhabi,2024-03-01
CUST-10105,Akshay Mammen,dsekhon@example.net,03835706912,Sharjah,2024-04-15
CUST-10106,Odika Dass,upkaarbains@example.net,1916578425,Abu Dhabi,2025-11-21
CUST-10107,Meghana Menon,yamini76@example.com,08618958723,Sharjah,2025-10-22
CUST-10108,Hemang Srivastava,yuggour@example.org,+918717880387,Dubai,2025-10-05
CUST-10109,Indrajit Kulkarni,aarna57@example.com,01237697342,Abu Dhabi,2024-05-02
CUST-10110,Max Cherian,deolishanvi@example.com,04934656058,Abu Dhabi,2024-08-30
CUST-10111,Vaishnavi Prakash,rehaan17@example.org,03091803576,Sharjah,2025-11-29
CUST-10112,Abhimanyu Sarma,logan74@example.org,01008334665,Sharjah,2024-02-25
CUST-10113,Timothy Garg,ranaandrew@example.net,+911684304872,Ajman,2025-01-09
CUST-10114,Anay Naidu,qgoel@example.org,+912087136288,Abu Dhabi,2025-02-10
CUST-10115,Dipta Chadha,peternarang@example.net,6320977156,Ajman,2026-01-14
CUST-10116,Advik Babu,falak38@example.org,03526497906,Sharjah,2025-10-17
CUST-10117,Viraj Chokshi,ikshita27@example.net,09313255663,Ajman,2025-04-30
CUST-10118,Tamanna Panchal,ggaba@example.net,1416350348,Abu Dhabi,2025-09-06
CUST-10119,Riya Sachar,wkapoor@example.com,04966832912,Ajman,2025-07-22
CUST-10120,Jagat Narasimhan,xmanda@example.org,+919927957274,Dubai,2024-09-26
CUST-10121,Veda Agrawal,zvarkey@example.org,2443457544,Ajman,2024-04-26
CUST-10122,Yashasvi Bhagat,binapai@example.com,+915475216907,Sharjah,2025-05-29
CUST-10123,Vrinda Chad,hansmanthan@example.com,+910836476881,Abu Dhabi,2026-01-13
CUST-10124,Neha Kunda,anay88@example.org,0770387985,Sharjah,2025-10-21
CUST-10125,Waida Chana,deshpandeveer@example.net,04706790922,Dubai,2025-11-22
CUST-10126,Ekavir Kalla,farhansanghvi@example.com,00788099515,Dubai,2024-02-25
CUST-10127,Chatura Sangha,labanvasa@example.com,02532324217,Abu Dhabi,2024-10-31
CUST-10128,Idika Chandran,moza@example.org,+915374957117,Sharjah,2025-03-05
CUST-10129,Orinder Gala,xiyer@example.net,+911712001379,Sharjah,2024-06-08
CUST-10130,Vaishnavi Bora,rishi31@example.org,01204792394,Abu Dhabi,2025-04-10
CUST-10131,Sanaya Goda,amol07@example.com,+915485187275,Sharjah,2025-08-02
CUST-10132,Ati Bhat,elijahkakar@example.net,01693734926,Abu Dhabi,2024-08-05
CUST-10133,Advika Nigam,yugsinghal@example.net,0812953416,Dubai,2025-11-24
CUST-10134,William Vala,mandatamanna@example.com,+918331976696,Sharjah,2025-04-30
CUST-10135,Prisha Anand,raghavshere@example.com,+917873664216,Dubai,2025-01-02
CUST-10136,Barkha Ganesh,timothyahuja@example.com,9657177938,Ajman,2025-02-23
CUST-10137,Zinal Panchal,nagarajanrehaan@example.com,2692116768,Abu Dhabi,2024-12-21
CUST-10138,Isaac Bajaj,upadhriti84@example.org,8057635858,Dubai,2025-08-05
CUST-10139,Daksh Dhingra,jyoti38@example.org,8596442516,Sharjah,2025-11-08
CUST-10140,Saksham Bhandari,nathanielkulkarni@example.org,0535416656,Abu Dhabi,2026-02-09
CUST-10141,Eshana Prakash,ksehgal@example.com,06436517425,Ajman,2024-07-04
CUST-10142,Avi Lall,ucchalgade@example.com,+917067110533,Ajman,2025-06-21
CUST-10143,Madhav Sarraf,lagate@example.com,+917297427337,Ajman,2025-03-11
CUST-10144,Mitali Khatri,onveerkari@example.org,+913213749930,Dubai,2024-08-27
CUST-10145,Sudiksha Goyal,usoman@example.org,3388052153,Abu Dhabi,2024-05-01
CUST-10146,Nikita Das,borahkamala@example.net,02955246338,Ajman,2024-09-03
CUST-10147,Maya More,bainsyashvi@example.org,07113387905,Abu Dhabi,2024-06-28
CUST-10148,Ryan Samra,royjanuja@example.org,07874540262,Ajman,2025-01-22
CUST-10149,Nidhi Thakur,nigamchaitanya@example.net,+913989345764,Abu Dhabi,2026-02-02
CUST-10150,Indali Lala,anshsarma@example.com,07676709841,Dubai,2025-10-14
CUST-10151,Wriddhish Bakshi,balijeevika@example.net,6106514767,Dubai,2024-05-20
CUST-10152,Aarav Keer,ubika46@example.com,4438110420,Dubai,2024-08-02
CUST-10153,Liam Nair,murtyzashil@example.com,09761429048,Ajman,2024-04-08
CUST-10154,Tamanna Ray,bhegde@example.com,3430636450,Sharjah,2025-05-31
CUST-10155,Jacob Pandey,aarinivala@example.net,+910285862568,Ajman,2025-03-22
CUST-10156,Leena Sanghvi,surrachita@example.net,8263786662,Dubai,2025-04-28
CUST-10157,Abhiram Sachar,jagrati78@example.net,04686025234,Sharjah,2025-04-14
CUST-10158,Benjamin Pandya,bentara@example.net,08749926794,Sharjah,2026-02-15
CUST-10159,Radha Deo,champak73@example.com,04234020911,Dubai,2025-09-19
CUST-10160,Eiravati Srinivasan,rachitarajagopal@example.org,+919567066048,Ajman,2024-08-11
CUST-10161,Ekalinga Joshi,udarsh04@example.org,+916257138149,Ajman,2024-07-10
CUST-10162,Saksham Bail,pahal65@example.net,3285559977,Abu Dhabi,2025-04-28
CUST-10163,Yutika Bandi,idika71@example.com,0995208801,Ajman,2025-10-05
CUST-10164,Wyatt Bhatnagar,raoikbal@example.org,06391703920,Ajman,2026-01-18
CUST-10165,Aryan Chakraborty,keeravni@example.org,5091502170,Sharjah,2025-01-13
CUST-10166,Udant Sachar,kashvikata@example.org,+918681094715,Ajman,2024-09-23
CUST-10167,Ethan Bobal,baradjonathan@example.org,+913554016665,Dubai,2025-02-19
CUST-10168,Wriddhish Nori,amrita68@example.com,+913066256888,Sharjah,2025-04-21
CUST-10169,Vasudha Shere,zdixit@example.net,8949779879,Dubai,2024-12-16
CUST-10170,Sathvik Tripathi,yachanaparsa@example.net,09047611786,Dubai,2025-10-31
CUST-10171,Falguni Banik,daniel17@example.net,9202840475,Sharjah,2025-01-25
CUST-10172,Udarsh Panchal,lakshvarty@example.com,09281405226,Dubai,2024-11-13
CUST-10173,Naveen Buch,siddharthyadav@example.org,2438843359,Abu Dhabi,2026-02-18
CUST-10174,Janani Merchant,tmanda@example.org,8698839669,Dubai,2025-09-25
CUST-10175,Aradhana Rajan,ijaya65@example.com,01062872451,Ajman,2025-12-08
CUST-10176,Dhruv Kota,lallayuvraj@example.net,9111692929,Ajman,2025-02-07
CUST-10177,Shravya Jhaveri,warriorojasvi@example.org,03818658336,Abu Dhabi,2024-07-21
CUST-10178,Zilmil Gole,adweta96@example.com,+914158515485,Ajman,2024-02-25
CUST-10179,Abhimanyu Varma,rehaanchaudhary@example.net,5922592469,Abu Dhabi,2024-11-15
CUST-10180,Vedhika Prakash,vanya37@example.net,+910020774348,Dubai,2025-01-07
CUST-10181,Inaya Bajwa,chandanisaxena@example.org,02529435546,Abu Dhabi,2025-08-16
CUST-10182,David Prashad,pranit01@example.net,+914570295996,Ajman,2024-05-04
CUST-10183,Faqid Sodhi,aryaneel@example.org,+919319977694,Ajman,2025-01-04
CUST-10184,Aadhya Varty,meghabawa@example.com,08532543306,Dubai,2024-09-11
CUST-10185,Nirja Borde,ssankaran@example.com,7120333062,Sharjah,2024-06-04
CUST-10186,Krishna Gera,suraekiya@example.org,05546675223,Sharjah,2025-11-29
CUST-10187,Mohammed Oommen,psant@example.com,4458430359,Abu Dhabi,2025-07-25
CUST-10188,Faqid D’Alia,geraqasim@example.com,01158115769,Ajman,2026-01-23
CUST-10189,Samuel Merchant,rehaan14@example.org,07442300478,Sharjah,2025-08-15
CUST-10190,Meghana Gera,mohanchakradhar@example.org,09915979333,Sharjah,2025-11-29
CUST-10191,Abhimanyu Karpe,ishanikapoor@example.org,01179975571,Ajman,2025-10-23
CUST-10192,Finn Sant,wakeetalad@example.net,3140469735,Ajman,2025-10-19
CUST-10193,Vasudha Deshmukh,gabapatrick@example.org,0294904666,Abu Dhabi,2025-06-15
CUST-10194,Daksh Master,gayathri47@example.org,1020911974,Dubai,2026-01-19
CUST-10195,Hitesh Dani,ychoudhry@example.org,+916347869229,Ajman,2025-12-16
CUST-10196,Neha Patil,bhagatadvik@example.net,1074236620,Abu Dhabi,2025-03-14
CUST-10197,Karan Gopal,yugtara@example.org,1296151986,Sharjah,2024-11-14
CUST-10198,Christopher Thakkar,vargheseisaiah@example.com,7076064581,Sharjah,2025-08-16
CUST-10199,Aayush Barad,eiravati44@example.net,6672304135,Dubai,2025-11-03
CUST-10200,Amruta Narain,tvarty@example.net,02175098045,Sharjah,2024-03-07
CUST-10201,Bhavika D’Alia,madhavnarayan@example.net,01719798550,Ajman,2024-11-03
CUST-10202,Ekalinga Venkataraman,laksh14@example.net,7557417272,Sharjah,2024-12-14
CUST-10203,Yoshita Deol,panchaleshana@example.com,6078158838,Abu Dhabi,2024-04-19
CUST-10204,Leela Rajan,dalajathaker@example.org,03357251554,Abu Dhabi,2024-11-03
CUST-10205,Indrajit Dugar,kiberushil@example.net,8731071007,Ajman,2025-07-01
CUST-10206,Libni Garde,jkala@example.com,09720498937,Dubai,2024-08-15
CUST-10207,Ojas Chawla,pranitiyer@example.net,6158273525,Ajman,2025-10-30
CUST-10208,Adweta Bhargava,nben@example.net,06018437493,Abu Dhabi,2024-10-29
CUST-10209,Arya Shanker,tankkrishna@example.org,03621650120,Abu Dhabi,2026-02-14
CUST-10210,Nilima Kakar,mravi@example.net,00909287936,Ajman,2025-11-17
CUST-10211,Veer Munshi,goyaludyati@example.net,+917311026753,Abu Dhabi,2025-02-19
CUST-10212,Kamya Mitter,vaishnavi06@example.org,06803821911,Dubai,2024-04-01
CUST-10213,Aryan Raval,gnarayan@example.org,02968876712,Abu Dhabi,2024-11-15
CUST-10214,Yug Chand,onkar56@example.net,09692412565,Dubai,2024-05-16
CUST-10215,Gautami Hegde,akshayparekh@example.com,3524921829,Ajman,2024-10-31
CUST-10216,Teerth Nair,neha27@example.com,+916916801923,Ajman,2025-04-07
CUST-10217,Osha Joshi,maharajpatrick@example.org,+917550370317,Ajman,2025-03-17
CUST-10218,Simon Edwin,wsarkar@example.net,00350188895,Dubai,2024-04-24
CUST-10219,Benjamin Anne,bhattacharyyaadvay@example.com,8240695273,Ajman,2025-05-12
CUST-10220,Eta Sandhu,harrison17@example.org,9920477014,Sharjah,2024-09-26
CUST-10221,Rohan Rai,kamyachawla@example.org,5044503271,Dubai,2025-06-13
CUST-10222,Azad Chand,aryanchandran@example.org,+915883437854,Abu Dhabi,2025-02-10
CUST-10223,Geetika Mane,bhardwajhredhaan@example.com,2798050838,Dubai,2024-05-18
CUST-10224,Zehaan Sahni,asachdeva@example.net,01615663630,Ajman,2024-06-19
CUST-10225,Nihal Mand,hemanginikapoor@example.net,6765064218,Dubai,2026-02-04
CUST-10226,Girindra Bhavsar,yatanmishra@example.com,5780583625,Dubai,2024-10-19
CUST-10227,Wridesh Rattan,oniprakash@example.net,07533665111,Dubai,2025-04-02
CUST-10228,Daksh Sachdev,jhaverinachiket@example.org,2128920054,Ajman,2025-10-29
CUST-10229,Jai Gandhi,balabimala@example.org,5666054280,Ajman,2025-10-06
CUST-10230,Neelima Sachdeva,hiteshdash@example.com,05456047489,Abu Dhabi,2025-02-11
CUST-10231,Devansh Prashad,wbhatt@example.com,00518089470,Sharjah,2025-05-02
CUST-10232,Krishna Chander,balhaar51@example.net,2742979236,Abu Dhabi,2025-11-14
CUST-10233,Harshil Ganesh,yvarma@example.org,6264940506,Sharjah,2025-12-25
CUST-10234,Radhika Gandhi,jairaj35@example.net,+910444514423,Ajman,2024-10-11
CUST-10235,Indali Sachar,thomas43@example.com,05050506748,Ajman,2025-04-26
CUST-10236,Bhavna Sengupta,oviya09@example.net,4652369018,Ajman,2025-01-16
CUST-10237,Vedika Brar,sanya77@example.net,+915146358837,Dubai,2025-05-30
CUST-10238,Balendra Chaudhary,tvarughese@example.net,8814540611,Dubai,2024-04-13
CUST-10239,Aarini Thaker,prabhupallavi@example.net,7523529687,Ajman,2024-07-10
CUST-10240,Yatin Edwin,kundafitan@example.org,08145045277,Dubai,2024-12-14
CUST-10241,Amol Nagarajan,vinayabahri@example.com,+916599799543,Abu Dhabi,2024-09-13
CUST-10242,Anamika Gupta,nimrat10@example.org,6670595558,Abu Dhabi,2024-10-11
CUST-10243,Banjeet Arya,xbora@example.com,09521663355,Abu Dhabi,2026-02-01
CUST-10244,Ekaja Bala,yadavi22@example.org,+914823000519,Dubai,2026-01-29
CUST-10245,Vyanjana Jani,dhriti24@example.net,2413222077,Ajman,2025-11-21
CUST-10246,Ojasvi Kuruvilla,lkuruvilla@example.net,07093146567,Ajman,2026-01-28
CUST-10247,Jai Walla,sachi18@example.com,+911223788739,Dubai,2025-06-28
CUST-10248,Nathaniel Shah,yatinshan@example.net,9097641204,Dubai,2025-12-12
CUST-10249,Chatresh Shroff,andrew98@example.net,00679000944,Ajman,2024-11-03
CUST-10250,Rushil Bhandari,keergayathri@example.com,+918800801319,Ajman,2024-06-28
CUST-10251,Ryan Batta,khannatanmayi@example.net,2410886505,Ajman,2025-04-25
CUST-10252,Aarnav Prakash,atharv93@example.org,+914147423835,Dubai,2025-08-22
CUST-10253,Zarna Sinha,dakshawagle@example.org,+913646364333,Dubai,2025-01-19
CUST-10254,Hardik Dalal,minhashiral@example.com,+911145474479,Ajman,2024-05-08
CUST-10255,Gaurika Chopra,baljiwan14@example.com,01234831281,Abu Dhabi,2024-06-18
CUST-10256,Timothy Lad,diya00@example.com,+919715385330,Abu Dhabi,2026-01-21
CUST-10257,Bachittar Kant,znaik@example.net,+912724244266,Dubai,2025-10-11
CUST-10258,Falan Sangha,beranimrat@example.org,1209142969,Abu Dhabi,2024-08-09
CUST-10259,Gagan Murty,girindrarajagopal@example.org,09020082283,Sharjah,2025-04-12
CUST-10260,Aarini Banik,mannharish@example.net,4582351679,Ajman,2025-02-24
CUST-10261,Michael Gulati,bariapriya@example.com,+915234653613,Sharjah,2024-10-08
CUST-10262,Ucchal Minhas,sidhuchatresh@example.com,1083170711,Abu Dhabi,2024-08-03
CUST-10263,Oviya Chander,mahikaguha@example.net,02089337520,Sharjah,2025-05-14
CUST-10264,Yoshita Mohan,siya22@example.com,8146906424,Dubai,2025-05-06
CUST-10265,Pranav Dara,chandomya@example.com,3914037212,Dubai,2026-01-17
CUST-10266,Eesha Om,vedant19@example.com,1355419797,Ajman,2024-08-20
CUST-10267,Qarin Dube,smody@example.net,05881427260,Abu Dhabi,2025-11-21
CUST-10268,Yatan Karan,pillaydominic@example.org,08652432957,Ajman,2024-08-03
CUST-10269,Leena Dhillon,pratyushmemon@example.org,02120156206,Dubai,2024-08-02
CUST-10270,Adweta Ganguly,ramachandrandarika@example.com,0880646256,Sharjah,2024-05-03
CUST-10271,Vedhika Karpe,ekantika33@example.com,+911079245747,Dubai,2025-11-16
CUST-10272,Amara Kunda,gvyas@example.org,+911786146816,Abu Dhabi,2025-11-13
CUST-10273,Liam Mohan,xkant@example.net,8088562908,Ajman,2024-07-08
CUST-10274,Nidhi Chakrabarti,christopherkohli@example.org,+910337429056,Abu Dhabi,2025-08-22
CUST-10275,Ishani Saxena,pchada@example.com,8568328649,Sharjah,2024-12-08
CUST-10276,Ranveer Shenoy,cherianayushman@example.com,06758525118,Ajman,2025-05-29
CUST-10277,Advaith Sagar,mohinikaur@example.com,+910428223497,Sharjah,2025-12-03
CUST-10278,Varsha Swamy,mohanzansi@example.com,6016142066,Dubai,2024-02-29
CUST-10279,Ganga Nazareth,vbhardwaj@example.org,+915209346724,Abu Dhabi,2025-05-13
CUST-10280,Anay Murthy,isaha@example.org,09463689672,Sharjah,2024-05-24
CUST-10281,Ishanvi De,lakshit66@example.net,7776296486,Ajman,2025-08-08
CUST-10282,Diya Bajwa,mananmanda@example.org,4249078603,Abu Dhabi,2025-03-25
CUST-10283,Ronith Bail,gabavincent@example.net,9052270850,Sharjah,2024-11-01
CUST-10284,Reyansh Nagarajan,zayandin@example.org,+916657004396,Sharjah,2024-09-02
CUST-10285,Hema Kalita,thomaspandya@example.org,+915128931310,Sharjah,2025-11-15
CUST-10286,Urvashi Mammen,sidhuaarna@example.com,0177841852,Dubai,2025-06-25
CUST-10287,Harita Sarraf,abdul60@example.com,+919040265655,Ajman,2025-07-07
CUST-10288,Advik Borra,mahikachaudry@example.org,+911278882970,Ajman,2024-09-04
CUST-10289,Nathan Magar,mahajanvritti@example.org,01264151759,Sharjah,2026-01-04
CUST-10290,Lipika Manda,wriddhishverma@example.org,00151934551,Ajman,2025-03-17
CUST-10291,Isha Sathe,eesha19@example.net,06781715923,Abu Dhabi,2025-05-07
CUST-10292,Aarini Ravi,gayathrirajagopalan@example.org,+910360969963,Sharjah,2024-08-03
CUST-10293,Barkha Sarkar,vasanasengupta@example.net,+914145598724,Sharjah,2026-01-18
CUST-10294,Upkaar Dugal,gokhaleagastya@example.org,+915087023598,Ajman,2024-04-14
CUST-10295,Kalpit Chatterjee,aahanasule@example.net,+913660040206,Ajman,2024-12-27
CUST-10296,Mohini Kara,upkaarbadami@example.org,9747400977,Sharjah,2024-10-04
CUST-10297,Anya Venkatesh,dapte@example.com,9387221951,Ajman,2025-04-03
CUST-10298,Nilima Doshi,maxdugal@example.net,0008854462,Dubai,2025-03-17
CUST-10299,Mekhala Issac,henryradhakrishnan@example.net,7532514391,Ajman,2025-07-02
CUST-10300,Vedika Tandon,kundaradha@example.net,03157115099,Dubai,2024-12-10
CUST-10301,Laksh Sane,vmaster@example.org,+914387772443,Sharjah,2024-03-07
CUST-10302,Hemani Sama,sathvikshere@example.net,05456619285,Sharjah,2025-09-09
CUST-10303,Vedhika Hari,mohammedkeer@example.com,+910905841440,Abu Dhabi,2025-01-16
CUST-10304,Harish Hayer,galawarhi@example.net,5356315639,Abu Dhabi,2025-09-02
CUST-10305,Krishna Pillai,vmody@example.net,09426470529,Ajman,2025-03-27
CUST-10306,Chasmum Bala,yashasvi48@example.com,+913263721380,Abu Dhabi,2025-02-16
CUST-10307,Bhanumati Sangha,januja40@example.org,2742838104,Abu Dhabi,2025-05-13
CUST-10308,Bhavika Choudhry,lipika03@example.com,2458131096,Ajman,2025-04-11
CUST-10309,Lucky Amble,gpatla@example.com,5151607991,Abu Dhabi,2025-03-19
CUST-10310,Manthan Pau,yuvrajdhaliwal@example.net,6009327669,Sharjah,2024-12-29
CUST-10311,Viraj Agarwal,qadim45@example.net,8938062340,Ajman,2024-11-16
CUST-10312,Tristan Ramakrishnan,varmalajita@example.org,01471393956,Sharjah,2025-05-24
CUST-10313,Maya Babu,sudikshabahl@example.com,01766286331,Ajman,2024-07-10
CUST-10314,William Kale,isaiah53@example.org,03388034769,Dubai,2025-05-17
CUST-10315,Eta Palla,liam73@example.org,02148249788,Abu Dhabi,2025-08-28
CUST-10316,Kabir Rout,ridhi39@example.net,8617603195,Dubai,2024-06-26
CUST-10317,Chakrika Deshmukh,ekavir74@example.org,03763179047,Abu Dhabi,2025-11-06
CUST-10318,Jack Swamy,ppalla@example.com,+912384978027,Sharjah,2025-05-20
CUST-10319,Nathan Ghose,kuruvillazashil@example.org,4611107189,Ajman,2024-06-05
CUST-10320,Xalak Behl,devika76@example.net,08572277777,Dubai,2025-12-18
CUST-10321,Oscar Modi,fyohannan@example.com,9831451665,Abu Dhabi,2025-12-17
CUST-10322,Atharv Jhaveri,zayyananand@example.org,+912740796157,Abu Dhabi,2026-02-20
CUST-10323,Ikshita Nazareth,saransiddharth@example.org,07507996364,Sharjah,2024-10-29
CUST-10324,Jonathan Sagar,hema31@example.org,04394562643,Ajman,2024-09-21
CUST-10325,Ekaraj Nori,gopal88@example.org,08514350925,Dubai,2026-02-10
CUST-10326,Indali Pal,avi39@example.org,+918389784984,Sharjah,2026-02-15
CUST-10327,Urvi Goyal,harish02@example.net,+914155172846,Sharjah,2024-10-31
CUST-10328,Urmi Singh,nathaniel53@example.net,04903287569,Abu Dhabi,2025-07-12
CUST-10329,Dalbir Garg,manbir36@example.com,+913643584274,Ajman,2025-01-02
CUST-10330,Baghyawati Mistry,nitesh65@example.net,0643941096,Abu Dhabi,2024-03-12
CUST-10331,Mohini Rajagopal,janaki06@example.com,+911678466719,Abu Dhabi,2026-01-02
CUST-10332,Varenya Parekh,varughesechandran@example.org,09534603223,Ajman,2025-09-09
CUST-10333,Aachal Chadha,fpurohit@example.net,+919712430473,Dubai,2025-06-03
CUST-10334,Abdul Randhawa,ukarpe@example.com,6087356586,Ajman,2025-02-21
CUST-10335,Triveni Prakash,xmital@example.com,+914145014631,Ajman,2025-12-29
CUST-10336,Nihal Balay,mitterwishi@example.com,02277738868,Ajman,2026-01-07
CUST-10337,Vritti Ravi,zravel@example.org,2874925332,Ajman,2024-07-22
CUST-10338,Unnati Mistry,ubarad@example.net,07398242399,Ajman,2025-12-14
CUST-10339,Lila Loyal,upasna51@example.com,+919741377949,Sharjah,2026-02-16
CUST-10340,Vanya Ramesh,prasadjason@example.org,4614002721,Dubai,2025-12-12
CUST-10341,Janaki Dave,jasmit07@example.net,+910392089748,Abu Dhabi,2024-03-18
CUST-10342,Ikshita Kara,daksha63@example.net,+918091013546,Sharjah,2025-09-23
CUST-10343,Christopher Mohan,vargheseira@example.net,08813905939,Abu Dhabi,2026-02-15
CUST-10344,Hemani Ahuja,hemanibaria@example.org,+912428682648,Ajman,2024-06-17
CUST-10345,Falguni Om,panchaltanvi@example.org,01257919784,Dubai,2024-04-01
CUST-10346,Aarnav Mistry,skrish@example.net,+915956059482,Ajman,2025-08-21
CUST-10347,Amrita Mander,rajagopalanbhavika@example.org,01175237534,Sharjah,2025-12-11
CUST-10348,Anya Barad,dalajakala@example.org,5564168878,Dubai,2026-01-15
CUST-10349,Zehaan Amble,bahrichavvi@example.com,+917524253241,Sharjah,2024-12-04
CUST-10350,Owen Kannan,gaurangi89@example.com,+914584830453,Abu Dhabi,2024-05-03
CUST-10351,Kamya De,pbrar@example.com,+914071886009,Sharjah,2026-02-20
CUST-10352,Balveer Bhattacharyya,taramann@example.net,6177337790,Sharjah,2025-10-17
CUST-10353,Indrajit Prabhakar,utalwar@example.net,03392798250,Abu Dhabi,2025-03-17
CUST-10354,Abhimanyu Tak,balendra00@example.org,07566332094,Sharjah,2025-08-31
CUST-10355,Adya Gole,ethan64@example.net,2096056793,Sharjah,2024-03-13
CUST-10356,Hemang Bhandari,yoshitapalla@example.net,7726589823,Sharjah,2025-03-11
CUST-10357,Yoshita Dhingra,ekansh87@example.net,09491876077,Ajman,2025-09-09
CUST-10358,Madhav Sani,edhithanigam@example.com,09817768271,Ajman,2024-06-07
CUST-10359,Falan Madan,ojasvichander@example.net,+914525084643,Ajman,2025-02-05
CUST-10360,Vedant Handa,falak93@example.net,05694055976,Abu Dhabi,2025-07-18
CUST-10361,Rachana Rao,yohannansaksham@example.com,+919363728861,Abu Dhabi,2024-08-27
CUST-10362,Nitara Malhotra,onveernarain@example.net,+918051276489,Ajman,2025-03-24
CUST-10363,Wyatt Kulkarni,psagar@example.com,+913369047463,Dubai,2025-06-19
CUST-10364,Watika Chander,ramachandranamrita@example.com,0036019584,Sharjah,2025-03-28
CUST-10365,Anmol Shan,dipta06@example.net,0330721660,Sharjah,2025-03-29
CUST-10366,Yashoda Nadkarni,aadikata@example.com,9549043641,Sharjah,2026-02-21
CUST-10367,Alka Kunda,veda96@example.org,+910157969024,Abu Dhabi,2024-08-08
CUST-10368,Falan Datta,kmane@example.net,05913542009,Ajman,2024-08-23
CUST-10369,Vedika Raja,hemangini66@example.net,1503434083,Abu Dhabi,2025-03-17
CUST-10370,Isaac Savant,pallavibath@example.org,7692809890,Ajman,2024-11-03
CUST-10371,Yashoda Agate,aashi66@example.com,+917397895983,Sharjah,2025-12-19
CUST-10372,Peter Prakash,raghavanjeevika@example.com,7350848406,Abu Dhabi,2025-03-01
CUST-10373,Chandani Issac,tbal@example.org,+918881971841,Abu Dhabi,2025-04-05
CUST-10374,Oviya Samra,mitalibhatnagar@example.net,01196038736,Sharjah,2025-09-21
CUST-10375,Harsh Saran,mahika86@example.net,+917110189832,Dubai,2024-05-09
CUST-10376,Yagnesh Virk,vnarasimhan@example.com,3199823659,Ajman,2025-07-13
CUST-10377,David Cheema,qcheema@example.org,+917468021423,Sharjah,2024-02-29
CUST-10378,Yasti Narayanan,garimakapadia@example.org,9013694896,Ajman,2026-01-03
CUST-10379,Kashvi Raju,damyanti56@example.com,05086026933,Dubai,2024-09-19
CUST-10380,Jack Kar,amanda@example.org,05589050574,Sharjah,2025-06-12
CUST-10381,Krishna Yadav,zayyandatta@example.net,+913744802845,Ajman,2025-04-16
CUST-10382,Ojasvi Mishra,daveteerth@example.net,6688439365,Abu Dhabi,2025-08-26
CUST-10383,Aahana Sankaran,gunbir54@example.net,+917521777018,Ajman,2024-12-26
CUST-10384,Chakradhar Kapoor,yutika67@example.net,06213503602,Abu Dhabi,2025-07-29
CUST-10385,Fiyaz Balakrishnan,rattanurishilla@example.com,+913753819152,Ajman,2025-06-16
CUST-10386,Finn Iyer,thanda@example.net,6046568244,Abu Dhabi,2024-10-23
CUST-10387,Janani Karpe,saidua@example.com,+911331362715,Dubai,2025-04-08
CUST-10388,Bhavini Barad,swaminathandipta@example.net,00135545492,Sharjah,2025-10-07
CUST-10389,Ishani Kapadia,ntailor@example.net,8354961935,Sharjah,2025-02-04
CUST-10390,Mitesh Chahal,gardewaida@example.com,+911984503320,Ajman,2024-04-27
CUST-10391,Daniel Thakkar,xpuri@example.com,+919599473756,Ajman,2025-11-13
CUST-10392,Rushil Mand,jsubramanian@example.org,09722651678,Sharjah,2025-11-06
CUST-10393,Nitesh Dhaliwal,voraoliver@example.com,+912150360414,Dubai,2025-01-31
CUST-10394,Ria Kalita,urvashidutt@example.org,+915462861938,Ajman,2024-12-17
CUST-10395,Victor Shankar,yshetty@example.org,0977892106,Ajman,2024-11-27
CUST-10396,Omkaar Jain,aashi54@example.net,+911488149173,Abu Dhabi,2025-05-08
CUST-10397,Janaki Srinivas,abeer54@example.org,3502493311,Dubai,2026-02-11
CUST-10398,Xiti Bansal,iyerraksha@example.net,01336533935,Dubai,2025-01-22
CUST-10399,Turvi Chana,vanyachoudhury@example.net,02397605457,Dubai,2025-05-15
CUST-10400,Yagnesh Varma,achada@example.net,+912718822315,Sharjah,2025-11-26
CUST-10401,Hardik Natt,sarthak33@example.org,04313773772,Abu Dhabi,2024-10-30
CUST-10402,Frado Borah,eshana44@example.com,+916411397442,Ajman,2024-04-07
CUST-10403,Bhavna Kala,salvikabir@example.net,9512985509,Abu Dhabi,2024-12-27
CUST-10404,Liam Shroff,csastry@example.net,08557720624,Abu Dhabi,2024-10-10
CUST-10405,Viraj Mukherjee,qadimshankar@example.org,4109206371,Sharjah,2025-02-23
CUST-10406,Netra Sagar,manbirrana@example.com,1776668399,Ajman,2024-06-25
CUST-10407,Faqid Vaidya,amruta88@example.com,+913910246400,Ajman,2025-10-31
CUST-10408,Ranveer Nayar,yogibaljiwan@example.org,08541215000,Ajman,2024-12-14
CUST-10409,Nitesh Srivastava,girindra06@example.com,0380000472,Abu Dhabi,2024-09-04
CUST-10410,Hemang Bora,hparikh@example.org,01457451635,Sharjah,2025-11-01
CUST-10411,Widisha Ghose,joshuaaurora@example.com,+918311716370,Ajman,2025-01-19
CUST-10412,Darpan Chauhan,yashodavirk@example.org,+914245884950,Abu Dhabi,2025-10-23
CUST-10413,Jacob More,gokhaleoscar@example.org,8570380326,Ajman,2025-07-18
CUST-10414,Xavier Sastry,fchatterjee@example.net,+918696584092,Sharjah,2025-09-03
CUST-10415,Radha Kant,xwalla@example.net,1763729397,Sharjah,2026-01-18
CUST-10416,Ayushman Mangat,tanmayi81@example.org,+919627848229,Abu Dhabi,2025-04-11
CUST-10417,Naveen Kamdar,padmanabhananita@example.net,+914138055368,Dubai,2025-09-02
CUST-10418,Jalsa Barad,ojasvi76@example.com,04997482352,Sharjah,2024-04-09
CUST-10419,Ikbal Raju,ekalinga94@example.com,06437713007,Dubai,2025-09-26
CUST-10420,Inaya Kapadia,lbehl@example.net,+910233768005,Dubai,2024-08-12
CUST-10421,Sarthak Sood,aarinisangha@example.net,3834470333,Sharjah,2024-12-12
CUST-10422,Ekanta Loke,ridhiravi@example.com,5206286596,Sharjah,2025-06-01
CUST-10423,Praneel Nair,kadesathvik@example.org,+918368864795,Sharjah,2025-07-03
CUST-10424,Nidra Gole,aadhyanair@example.org,+910996332472,Sharjah,2025-06-29
CUST-10425,Pranit Borah,srinivasangautam@example.com,9784759063,Sharjah,2024-06-15
CUST-10426,Liam Shroff,aurorasamarth@example.net,5201959827,Abu Dhabi,2024-08-27
CUST-10427,Timothy Deo,tanayrandhawa@example.net,+910375004850,Ajman,2025-04-06
CUST-10428,Bimala Madan,darpanbera@example.org,+914686386079,Abu Dhabi,2026-02-13
CUST-10429,Oscar Acharya,doza@example.net,08603663737,Sharjah,2025-10-04
CUST-10430,Ishwar Srinivas,vasudhajani@example.org,00838242563,Dubai,2025-10-28
CUST-10431,Dalbir Nayak,pwali@example.org,+916497810493,Dubai,2025-10-18
CUST-10432,Harshil Kala,michaelchahal@example.net,7084208359,Dubai,2025-12-30
CUST-10433,Ishita Ganesh,vbawa@example.com,6825866417,Abu Dhabi,2025-09-28
CUST-10434,Imaran Doctor,victor50@example.net,02231848799,Abu Dhabi,2024-10-06
CUST-10435,Libni Chad,fnadkarni@example.com,5801806614,Dubai,2025-01-27
CUST-10436,Chatura Sood,farajdhaliwal@example.com,+916090713064,Ajman,2026-01-29
CUST-10437,Chatresh Ranganathan,hkumar@example.org,7601097649,Abu Dhabi,2024-12-11
CUST-10438,Nidra Chaudry,azad91@example.com,4557532635,Abu Dhabi,2024-06-29
CUST-10439,Tara Jhaveri,victorgarg@example.net,7997321327,Ajman,2024-11-04
CUST-10440,Laksh Master,priyamenon@example.org,06145341463,Abu Dhabi,2025-04-11
CUST-10441,Balveer Rama,chadhaonveer@example.org,+916811948223,Ajman,2024-09-23
CUST-10442,Falan Naik,alexander65@example.net,6186416911,Ajman,2025-02-03
CUST-10443,Yagnesh Sandal,arinchatterjee@example.com,+918915070321,Dubai,2025-08-11
CUST-10444,Bhavini Krishna,vedarajagopal@example.net,04594008202,Dubai,2025-03-07
CUST-10445,Sneha Ratti,baghyawatisule@example.com,02090675943,Ajman,2024-05-17
CUST-10446,Jatin Karan,pallavilad@example.com,+911925479435,Ajman,2025-05-12
CUST-10447,Arin Mall,settyjatin@example.net,+917417517121,Abu Dhabi,2024-09-18
CUST-10448,Eesha Jani,hemalsule@example.net,+915715540116,Sharjah,2024-02-23
CUST-10449,Udyati Thakur,mbedi@example.com,06241572091,Abu Dhabi,2025-04-18
CUST-10450,David Purohit,pauvedika@example.net,2138974659,Sharjah,2024-08-10
CUST-10451,Tanveer Sem,advik14@example.org,+917499017784,Abu Dhabi,2025-02-11
CUST-10452,Logan Kadakia,rrege@example.com,6443691083,Ajman,2024-06-30
CUST-10453,Harinakshi Parmar,savantmanbir@example.net,00184352731,Dubai,2024-09-13
CUST-10454,Lavanya Sandhu,dshankar@example.net,2717580348,Ajman,2024-04-18
CUST-10455,Ekiya Dutta,gdalal@example.com,5224760270,Dubai,2024-09-21
CUST-10456,Rishi Naidu,mde@example.com,9394210439,Dubai,2025-03-22
CUST-10457,Dominic Mukherjee,sbhatnagar@example.net,01897685164,Abu Dhabi,2024-05-01
CUST-10458,Saksham Lala,krishnawishi@example.net,01633639894,Sharjah,2024-06-03
CUST-10459,Bhavya Edwin,zilmilchoudhry@example.com,+918481221190,Sharjah,2025-07-04
CUST-10460,Varenya Saraf,farischaudhuri@example.org,+916357562663,Abu Dhabi,2025-07-26
CUST-10461,Patrick Krishnamurthy,ayush99@example.net,01799146982,Abu Dhabi,2024-03-07
CUST-10462,Umang Bath,vamakshidayal@example.net,2952788148,Sharjah,2026-01-07
CUST-10463,Orinder Borra,yastibhalla@example.org,3424023374,Abu Dhabi,2024-07-01
CUST-10464,Chaitaly Verma,banjeetdash@example.com,09871364676,Abu Dhabi,2025-08-21
CUST-10465,Tamanna Shah,mshankar@example.org,9355491098,Dubai,2024-09-13
CUST-10466,Guneet Varughese,vchauhan@example.net,9379565345,Dubai,2024-11-05
CUST-10467,Harinakshi Doshi,rbadami@example.com,+918555647115,Abu Dhabi,2024-11-09
CUST-10468,Simon Kade,advik32@example.net,4749658859,Sharjah,2024-12-07
CUST-10469,Isaac Chana,giriksami@example.org,06678897806,Ajman,2025-01-02
CUST-10470,Utkarsh Vyas,qkaran@example.org,+918323335187,Dubai,2025-06-10
CUST-10471,Dev Dugar,fhayre@example.com,02502124491,Ajman,2025-12-14
CUST-10472,Manbir Sabharwal,hardikrandhawa@example.com,08140195607,Abu Dhabi,2025-01-09
CUST-10473,Rudra Pillay,sprasad@example.com,02767922711,Dubai,2025-07-19
CUST-10474,Liam Memon,masonvarghese@example.net,+913709787119,Abu Dhabi,2024-08-18
CUST-10475,Wazir Raju,fprakash@example.net,2721518244,Sharjah,2025-08-02
CUST-10476,Falan Roy,davekritika@example.org,01962698508,Ajman,2025-05-17
CUST-10477,Mugdha Bhandari,chaudharineha@example.net,+912785941789,Abu Dhabi,2026-01-25
CUST-10478,Jasmit Sandhu,yauvanilal@example.org,9192928755,Abu Dhabi,2024-12-12
CUST-10479,Samesh Sawhney,anay99@example.org,03088374757,Abu Dhabi,2024-02-26
CUST-10480,Yatan Dey,vsetty@example.net,02307467736,Abu Dhabi,2025-01-01
CUST-10481,Fiyaz Kota,devihenry@example.net,+919705868909,Abu Dhabi,2026-02-17
CUST-10482,Frado Kaur,yashica91@example.com,0937216298,Dubai,2024-11-18
CUST-10483,Varenya Garde,jalsabir@example.net,03089105067,Dubai,2025-04-11
CUST-10484,Yutika Lala,kmital@example.org,+910768102053,Sharjah,2025-09-16
CUST-10485,Nilima Chaudhry,idhingra@example.com,1116251573,Dubai,2025-01-21
CUST-10486,Jhalak Sood,sawhneyyashodhara@example.net,9140351929,Ajman,2025-08-05
CUST-10487,Daksh Tandon,girishgrewal@example.com,09108751261,Ajman,2024-06-07
CUST-10488,Meghana Bose,farhan95@example.net,1230879427,Dubai,2024-07-11
CUST-10489,Indira Rai,wdeep@example.net,0082019946,Sharjah,2025-06-18
CUST-10490,Geetika Pillai,mittaltara@example.org,+914141000562,Abu Dhabi,2025-10-14
CUST-10491,Gagan Narayan,irajagopal@example.org,02209055229,Sharjah,2024-07-03
CUST-10492,Ojasvi Ghose,nimratraja@example.com,6495524078,Abu Dhabi,2025-12-05
CUST-10493,Yashasvi Arya,zarora@example.net,08305939099,Dubai,2026-02-07
CUST-10494,Naveen Vohra,omya41@example.com,+917398067404,Ajman,2025-11-07
CUST-10495,Simon Rao,tristan91@example.net,01394587918,Abu Dhabi,2025-04-24
CUST-10496,Bhavya Grover,unnati56@example.org,2894423208,Ajman,2025-02-24
CUST-10497,Sathvik Sangha,eahuja@example.org,5339114110,Ajman,2024-06-08
CUST-10498,Chandresh Dey,harinichacko@example.com,4058438106,Ajman,2025-07-04
CUST-10499,Girindra Loyal,nitarasaha@example.org,08289275738,Abu Dhabi,2025-04-07
